店舗名,詳細情報,住所
濃厚豚骨ラーメン 小田原家,小田原家は、厳選された国産豚骨をじっくりと煮込んだ濃厚なスープが自慢のラーメン店です。自家製の太麺と相性抜群のトロリとしたスープは、一度食べたらやみつきになること間違いなし！,東京都渋谷区
四川風辛味ラーメン 火山亭,火山亭では、四川地方の伝統的な辛味ラーメンを提供しています。唐辛子と香辛料が効いたスープは、スパイシーな味覚を求める冒険者たちにぴったり。挑戦者歓迎の一杯です！,大阪府大阪市
海鮮とんこつつけ麺 海宝楼,海宝楼では、新鮮な海の幸と豚骨の融合が楽しめる海鮮つけ麺が自慢です。濃厚なつけ汁には、特製の海鮮ダレが絶妙な旨味をプラス。海の恵みとラーメンのハーモニーがここにあります。,北海道札幌市
ベジタリアン風だしラーメン 野菜庵,野菜庵では、新鮮な季節の野菜を使用したベジタリアン風だしラーメンが楽しめます。だしの風味と野菜の旨みが調和した、ヘルシーで軽快な一杯です。,神奈川県横浜市
和風鶏そば 京ももん家,京ももん家では、国産の地鶏を使用した和風の鶏そばを提供しています。さっぱりとした鶏白湯スープと手打ちの細麺が、風情ある一杯を演出します。,大阪府大阪市
北海道産味噌ラーメン さむらい屋,さむらい屋では、北海道産の味噌をベースにした風味豊かな味噌ラーメンが自慢です。濃厚なスープとコクのある味噌が寒い日にぴったりの温かさを提供します。,東京都渋谷区
オーガニック豆腐麺 豆蔵,豆蔵では、オーガニックな大豆から作られた豆腐麺が特徴です。ヘルシーかつユニークな麺と共に、自家製の野菜スープで健康と美味しさを追求しています。,長崎県長崎市
ジャパニーズカレーラーメン からりや,からりやでは、日本の伝統的なカレーとラーメンが融合したジャパニーズカレーラーメンが味わえます。スパイシーでコクのある一杯で、カレーライスとの相性も抜群！,北海道札幌市
魚介と塩の逸品 旬味亭,旬味亭では、旬の魚介を使用した塩ラーメンが楽しめます。清涼感ある塩スープと新鮮な魚介の香りが、夏の日にぴったりの軽快な味わいを提供します。,鳥取県鳥取市
山菜と山の幸そば 山の庵,山の庵では、山菜や山の幸をふんだんに使った蕎麦が味わえます。自然の恵みを感じることができる、季節感溢れる一杯です。,香川県高松市
